[{
    "id": "001",
    "img": "assets/images/user/user1.jpg",
    "name": "Cara Stevens",
    "email": "test@email.com",
    "gender": "male",
    "date": "2018-02-25T14:22:18Z",
    "time": "10:18",
    "mobile": "1234567890",
    "doctor": "Dr.Rajesh",
    "injury": "Fever"
  },
  {
    "id": "002",
    "img": "assets/images/user/user2.jpg",
    "name": "Pooja Patel",
    "email": "test@email.com",
    "gender": "female",
    "date": "2018-02-17T14:22:18Z",
    "time": "18:25",
    "mobile": "1234567890",
    "doctor": "Dr.Sarah Smith",
    "injury": "Malaria"
  },
  {
    "id": "003",
    "img": "assets/images/user/user3.jpg",
    "name": "Pankaj Singh",
    "email": "test@email.com",
    "gender": "male",
    "date": "2018-02-13T14:22:18Z",
    "time": "11:30",
    "mobile": "1234567890",
    "doctor": "Dr.Rajesh",
    "injury": "Cholera"
  },
  {
    "id": "004",
    "img": "assets/images/user/user4.jpg",
    "name": "Airi Satou",
    "email": "test@email.com",
    "gender": "male",
    "date": "2018-02-01T14:22:18Z",
    "time": "10:18",
    "mobile": "1234567890",
    "doctor": "Dr.Jay Soni",
    "injury": "Fever"
  },
  {
    "id": "005",
    "img": "assets/images/user/user5.jpg",
    "name": "John Doe",
    "email": "test@email.com",
    "gender": "male",
    "date": "2018-02-02T14:22:18Z",
    "time": "10:18",
    "mobile": "1234567890",
    "doctor": "Dr.Pooja Patel",
    "injury": "Fever"
  },
  {
    "id": "006",
    "img": "assets/images/user/user6.jpg",
    "name": "Jenish shah",
    "email": "test@email.com",
    "gender": "female",
    "date": "2018-02-26T14:22:18Z",
    "time": "10:18",
    "mobile": "1234567890",
    "doctor": "Dr.Rajesh",
    "injury": "Fever"
  },
  {
    "id": "007",
    "img": "assets/images/user/user7.jpg",
    "name": "Angelica Ramos",
    "email": "test@email.com",
    "gender": "female",
    "date": "2018-02-22T14:22:18Z",
    "time": "10:18",
    "mobile": "1234567890",
    "doctor": "Dr.Rajesh",
    "injury": "Fever"
  },
  {
    "id": "008",
    "img": "assets/images/user/user8.jpg",
    "name": "Ashton Cox",
    "email": "test@email.com",
    "gender": "male",
    "date": "2018-02-19T14:22:18Z",
    "time": "10:18",
    "mobile": "1234567890",
    "doctor": "Dr.Jay Soni",
    "injury": "Fever"
  },
  {
    "id": "009",
    "img": "assets/images/user/user9.jpg",
    "name": "Cara Stevens",
    "email": "test@email.com",
    "gender": "male",
    "date": "2018-02-15T14:22:18Z",
    "time": "10:18",
    "mobile": "1234567890",
    "doctor": "Dr.Pooja Patel",
    "injury": "Fever"
  },
  {
    "id": "010",
    "img": "assets/images/user/user10.jpg",
    "name": "Airi Satou",
    "email": "test@email.com",
    "gender": "female",
    "date": "2018-02-27T14:22:18Z",
    "time": "10:18",
    "mobile": "1234567890",
    "doctor": "Dr.Rajesh",
    "injury": "Fever"
  },
  {
    "id": "011",
    "img": "assets/images/user/user1.jpg",
    "name": "John Doe",
    "email": "test@email.com",
    "gender": "female",
    "date": "2018-02-21T14:22:18Z",
    "time": "10:18",
    "mobile": "1234567890",
    "doctor": "Dr.Jay Soni",
    "injury": "Fever"
  },
  {
    "id": "012",
    "img": "assets/images/user/user1.jpg",
    "name": "Jenish shah",
    "email": "test@email.com",
    "gender": "male",
    "date": "2018-02-10T14:22:18Z",
    "time": "10:18",
    "mobile": "1234567890",
    "doctor": "Dr.Rajesh",
    "injury": "Fever"
  },
  {
    "id": "013",
    "img": "assets/images/user/user2.jpg",
    "name": "Pooja Patel",
    "email": "test@email.com",
    "gender": "male",
    "date": "2018-02-11T14:22:18Z",
    "time": "18:25",
    "mobile": "1234567890",
    "doctor": "Dr.Sarah Smith",
    "injury": "Malaria"
  },
  {
    "id": "014",
    "img": "assets/images/user/user3.jpg",
    "name": "Pankaj Singh",
    "email": "test@email.com",
    "gender": "female",
    "date": "2018-02-16T14:22:18Z",
    "time": "11:30",
    "mobile": "1234567890",
    "doctor": "Dr.Pooja Patel",
    "injury": "Cholera"
  },
  {
    "id": "015",
    "img": "assets/images/user/user4.jpg",
    "name": "Angelica Ramos",
    "email": "test@email.com",
    "gender": "female",
    "date": "2018-02-04T14:22:18Z",
    "time": "10:18",
    "mobile": "1234567890",
    "doctor": "Dr.Jay Soni",
    "injury": "Fever"
  },
  {
    "id": "016",
    "img": "assets/images/user/user5.jpg",
    "name": "Ashton Cox",
    "email": "test@email.com",
    "gender": "male",
    "date": "2018-02-15T14:22:18Z",
    "time": "10:18",
    "mobile": "1234567890",
    "doctor": "Dr.Rajesh",
    "injury": "Fever"
  }
]
