[{
    "id": "001",
    "img": "assets/images/user/user1.jpg",
    "gender": "male",
    "bGroup": "B+",
    "date": "2018-02-25T14:22:18Z",
    "mobile": "1234567890",
    "name": "Ashton Cox",
    "address": "11,Shyam appt. Rajkot",
    "treatment": "Malaria"
  },
  {
    "id": "002",
    "img": "assets/images/user/user2.jpg",
    "gender": "female",
    "bGroup": "O+",
    "date": "2018-02-12T14:22:18Z",
    "mobile": "1234567890",
    "name": "Sarah Smith",
    "address": "22,tilak appt. surat",
    "treatment": "Fever"
  },
  {
    "id": "003",
    "img": "assets/images/user/user3.jpg",
    "gender": "male",
    "bGroup": "A+",
    "date": "2018-02-25T14:22:18Z",
    "mobile": "1234567890",
    "name": "Angelica Ramos",
    "address": "201, Shyamal, Puna",
    "treatment": "Cholera"
  },
  {
    "id": "004",
    "img": "assets/images/user/user4.jpg",
    "gender": "female",
    "bGroup": "AB+",
    "date": "2018-02-25T14:22:18Z",
    "mobile": "1234567890",
    "name": "Jay Soni",
    "address": "11,Shyam appt. Rajkot",
    "treatment": "Fever"
  },
  {
    "id": "005",
    "img": "assets/images/user/user5.jpg",
    "gender": "female",
    "bGroup": "B+",
    "date": "2018-02-25T14:22:18Z",
    "mobile": "1234567890",
    "name": "Cara Stevens",
    "address": "11,Shyam appt. Rajkot",
    "treatment": "Malaria"
  },
  {
    "id": "006",
    "img": "assets/images/user/user6.jpg",
    "gender": "male",
    "bGroup": "O+",
    "date": "2018-02-25T14:22:18Z",
    "mobile": "1234567890",
    "name": "John Doe",
    "address": "11,Shyam appt. Rajkot",
    "treatment": "Cholera"
  },
  {
    "id": "007",
    "img": "assets/images/user/user7.jpg",
    "gender": "female",
    "bGroup": "A+",
    "date": "2018-02-25T14:22:18Z",
    "mobile": "1234567890",
    "name": "Rajesh",
    "address": "11,Shyam appt. Rajkot",
    "treatment": "Malaria"
  },
  {
    "id": "008",
    "img": "assets/images/user/user8.jpg",
    "gender": "male",
    "bGroup": "B+",
    "date": "2018-02-25T14:22:18Z",
    "mobile": "1234567890",
    "name": "Jay Soni",
    "address": "11,Shyam appt. Rajkot",
    "treatment": "Cholera"
  },
  {
    "id": "009",
    "img": "assets/images/user/user9.jpg",
    "gender": "female",
    "bGroup": "AB+",
    "date": "2018-02-25T14:22:18Z",
    "mobile": "1234567890",
    "name": "Airi Satou",
    "address": "11,Shyam appt. Rajkot",
    "treatment": "Fever"
  },
  {
    "id": "010",
    "img": "assets/images/user/user10.jpg",
    "gender": "female",
    "bGroup": "A+",
    "date": "2018-02-25T14:22:18Z",
    "mobile": "1234567890",
    "name": "John Doe",
    "address": "11,Shyam appt. Rajkot",
    "treatment": "Cholera"
  },
  {
    "id": "011",
    "img": "assets/images/user/user1.jpg",
    "gender": "female",
    "bGroup": "B+",
    "date": "2018-02-25T14:22:18Z",
    "mobile": "1234567890",
    "name": "Jay Soni",
    "address": "11,Shyam appt. Rajkot",
    "treatment": "Cholera"
  },
  {
    "id": "012",
    "img": "assets/images/user/user1.jpg",
    "gender": "male",
    "bGroup": "O+",
    "date": "2018-02-25T14:22:18Z",
    "mobile": "1234567890",
    "name": "Ashton Cox",
    "address": "11,Shyam appt. Rajkot",
    "treatment": "Malaria"
  },
  {
    "id": "013",
    "img": "assets/images/user/user2.jpg",
    "gender": "female",
    "bGroup": "O+",
    "date": "2018-02-25T14:22:18Z",
    "mobile": "1234567890",
    "name": "Sarah Smith",
    "address": "22,tilak appt. surat",
    "treatment": "Fever"
  },
  {
    "id": "014",
    "img": "assets/images/user/user3.jpg",
    "gender": "male",
    "bGroup": "AB+",
    "date": "2018-02-25T14:22:18Z",
    "mobile": "1234567890",
    "name": "Angelica Ramos",
    "address": "201, Shyamal, Puna",
    "treatment": "Cholera"
  },
  {
    "id": "015",
    "img": "assets/images/user/user4.jpg",
    "gender": "female",
    "bGroup": "A+",
    "date": "2018-02-25T14:22:18Z",
    "mobile": "1234567890",
    "name": "Jay Soni",
    "address": "11,Shyam appt. Rajkot",
    "treatment": "Malaria"
  },
  {
    "id": "016",
    "img": "assets/images/user/user5.jpg",
    "gender": "male",
    "bGroup": "O+",
    "date": "2018-02-25T14:22:18Z",
    "mobile": "1234567890",
    "name": "Airi Satou",
    "address": "11,Shyam appt. Rajkot",
    "treatment": "Malaria"
  }
]
