[{
    "id": "101",
    "pName": "Sarah Smith",
    "dName": "DR. Megha Trivedi",
    "charges": "$120",
    "date": "2018-02-12T14:22:18Z",
    "tax": "8%",
    "discount": "5%",
    "total": "$142"
  },
  {
    "id": "102",
    "pName": "Vishal Kumar",
    "dName": "DR. John Deo",
    "charges": "$310",
    "date": "2018-03-22T14:22:18Z",
    "tax": "10%",
    "discount": "5%",
    "total": "$126"
  },
  {
    "id": "103",
    "pName": "Rahul Malhotra",
    "dName": "DR. Sarah Smith",
    "charges": "$310",
    "date": "2018-02-02T14:22:18Z",
    "tax": "9%",
    "discount": "5%",
    "total": "$115"
  },
  {
    "id": "104",
    "pName": "Priya Jain",
    "dName": "DR. Stive",
    "charges": "$120",
    "date": "2018-03-19T14:22:18Z",
    "tax": "9%",
    "discount": "5%",
    "total": "$142"
  },
  {
    "id": "105",
    "pName": "Radhika Patel",
    "dName": "DR. Megha Trivedi",
    "charges": "$120",
    "date": "2018-05-22T14:22:18Z",
    "tax": "10%",
    "discount": "5%",
    "total": "$126"
  },
  {
    "id": "106",
    "pName": "Sarah Smith",
    "dName": "DR. Megha Trivedi",
    "charges": "$120",
    "date": "2018-05-07T14:22:18Z",
    "tax": "8%",
    "discount": "5%",
    "total": "$115"
  },
  {
    "id": "107",
    "pName": "Vishal Kumar",
    "dName": "DR. John Deo",
    "charges": "$310",
    "date": "2018-02-20T14:22:18Z",
    "tax": "10%",
    "discount": "5%",
    "total": "$126"
  },
  {
    "id": "108",
    "pName": "Rahul Malhotra",
    "dName": "DR. Sarah Smith",
    "charges": "$310",
    "date": "2018-03-21T14:22:18Z",
    "tax": "9%",
    "discount": "5%",
    "total": "$142"
  },
  {
    "id": "109",
    "pName": "Priya Jain",
    "dName": "DR. Stive",
    "charges": "$120",
    "date": "2018-02-11T14:22:18Z",
    "tax": "9%",
    "discount": "5%",
    "total": "$142"
  },
  {
    "id": "110",
    "pName": "Radhika Patel",
    "dName": "DR. Megha Trivedi",
    "charges": "$120",
    "date": "2018-03-18T14:22:18Z",
    "tax": "10%",
    "discount": "5%",
    "total": "$126"
  },
  {
    "id": "111",
    "pName": "Sarah Smith",
    "dName": "DR. Megha Trivedi",
    "charges": "$120",
    "date": "2018-02-23T14:22:18Z",
    "tax": "8%",
    "discount": "5%",
    "total": "$115"
  },
  {
    "id": "112",
    "pName": "Vishal Kumar",
    "dName": "DR. John Deo",
    "charges": "$310",
    "date": "2018-04-04T14:22:18Z",
    "tax": "10%",
    "discount": "5%",
    "total": "$115"
  },
  {
    "id": "113",
    "pName": "Rahul Malhotra",
    "dName": "DR. Sarah Smith",
    "charges": "$310",
    "date": "2018-02-10T14:22:18Z",
    "tax": "9%",
    "discount": "5%",
    "total": "$126"
  }
]
