[{
    "id": "001",
    "img": "assets/images/user/user1.jpg",
    "designation": "Compounder",
    "email": "test@email.com",
    "date": "2018-02-25T14:22:18Z",
    "mobile": "1234567890",
    "name": "Ashton Cox",
    "address": "11,Shyam appt. Rajkot"
  },
  {
    "id": "002",
    "img": "assets/images/user/user2.jpg",
    "designation": "Nurse",
    "email": "test@email.com",
    "date": "2018-02-12T14:22:18Z",
    "mobile": "1234567890",
    "name": "Sarah Smith",
    "address": "22,tilak appt. surat"
  },
  {
    "id": "003",
    "img": "assets/images/user/user3.jpg",
    "designation": "Supervisor",
    "email": "test@email.com",
    "date": "2018-02-25T14:22:18Z",
    "mobile": "1234567890",
    "name": "Airi Satou",
    "address": "201, Shyamal, Puna"
  },
  {
    "id": "004",
    "img": "assets/images/user/user4.jpg",
    "designation": "Nurse",
    "email": "test@email.com",
    "date": "2018-02-25T14:22:18Z",
    "mobile": "1234567890",
    "name": "Jay Soni",
    "address": "11,Shyam appt. Rajkot"
  },
  {
    "id": "005",
    "img": "assets/images/user/user5.jpg",
    "designation": "Purchase Officer",
    "email": "test@email.com",
    "date": "2018-02-25T14:22:18Z",
    "mobile": "1234567890",
    "name": "Rajesh",
    "address": "11,Shyam appt. Rajkot"
  },
  {
    "id": "006",
    "img": "assets/images/user/user6.jpg",
    "designation": "Receptionist",
    "email": "test@email.com",
    "date": "2018-02-25T14:22:18Z",
    "mobile": "1234567890",
    "name": "Cara Stevens",
    "address": "11,Shyam appt. Rajkot"
  },
  {
    "id": "007",
    "img": "assets/images/user/user7.jpg",
    "designation": "Nurse",
    "email": "test@email.com",
    "date": "2018-02-25T14:22:18Z",
    "mobile": "1234567890",
    "name": "Ashton Cox",
    "address": "11,Shyam appt. Rajkot"
  },
  {
    "id": "008",
    "img": "assets/images/user/user8.jpg",
    "designation": "Lab Assistent",
    "email": "test@email.com",
    "date": "2018-02-25T14:22:18Z",
    "mobile": "1234567890",
    "name": "Jay Soni",
    "address": "11,Shyam appt. Rajkot"
  },
  {
    "id": "009",
    "img": "assets/images/user/user9.jpg",
    "designation": "Pharmacist",
    "email": "test@email.com",
    "date": "2018-02-25T14:22:18Z",
    "mobile": "1234567890",
    "name": "Airi Satou",
    "address": "11,Shyam appt. Rajkot"
  },
  {
    "id": "010",
    "img": "assets/images/user/user10.jpg",
    "designation": "Nurse",
    "email": "test@email.com",
    "date": "2018-02-25T14:22:18Z",
    "mobile": "1234567890",
    "name": "Angelica Ramos",
    "address": "11,Shyam appt. Rajkot"
  },
  {
    "id": "011",
    "img": "assets/images/user/user1.jpg",
    "designation": "Receptionist",
    "email": "test@email.com",
    "date": "2018-02-25T14:22:18Z",
    "mobile": "1234567890",
    "name": "Jay Soni",
    "address": "11,Shyam appt. Rajkot"
  },
  {
    "id": "012",
    "img": "assets/images/user/user1.jpg",
    "designation": "Compounder",
    "email": "test@email.com",
    "date": "2018-02-25T14:22:18Z",
    "mobile": "1234567890",
    "name": "Cara Stevens",
    "address": "11,Shyam appt. Rajkot"
  },
  {
    "id": "013",
    "img": "assets/images/user/user2.jpg",
    "designation": "Nurse",
    "email": "test@email.com",
    "date": "2018-02-25T14:22:18Z",
    "mobile": "1234567890",
    "name": "Sarah Smith",
    "address": "22,tilak appt. surat"
  },
  {
    "id": "014",
    "img": "assets/images/user/user3.jpg",
    "designation": "Supervisor",
    "email": "test@email.com",
    "date": "2018-02-25T14:22:18Z",
    "mobile": "1234567890",
    "name": "Rajesh",
    "address": "201, Shyamal, Puna"
  },
  {
    "id": "015",
    "img": "assets/images/user/user4.jpg",
    "designation": "Nurse",
    "email": "test@email.com",
    "date": "2018-02-25T14:22:18Z",
    "mobile": "1234567890",
    "name": "Jay Soni",
    "address": "11,Shyam appt. Rajkot"
  },
  {
    "id": "016",
    "img": "assets/images/user/user5.jpg",
    "designation": "Purchase Officer",
    "email": "test@email.com",
    "date": "2018-02-25T14:22:18Z",
    "mobile": "1234567890",
    "name": "Angelica Ramos",
    "address": "11,Shyam appt. Rajkot"
  }
]
